{
  "timestamp": "2026-04-23 23:57:27.106574",
  "config": {
    "name": "01_baseline_focal",
    "architecture": "bert",
    "loss": "focal",
    "train_files": [
      "/home/temari/god please no diploma/restore_punct/data/train_all.json"
    ],
    "val_files": [
      "/home/temari/god please no diploma/restore_punct/data/val_internal.json"
    ],
    "replay_files": [],
    "init_from": null,
    "num_epochs": 3,
    "learning_rate": 2e-05,
    "benchmarks": null,
    "seed": 42,
    "crf_init_transitions": false,
    "crf_aux_loss": "none",
    "crf_aux_weight": 0.2,
    "crf_aux_gamma": 2.0,
    "o_mask_prob": 0.0,
    "tags": {
      "stage": "1-baseline-loss-sweep"
    }
  },
  "General_Test": {
    "!": {
      "precision": 0.21367521367521367,
      "recall": 0.3597122302158273,
      "f1-score": 0.2680965147453083,
      "support": 139.0
    },
    "! -": {
      "precision": 0.375,
      "recall": 0.19672131147540983,
      "f1-score": 0.25806451612903225,
      "support": 61.0
    },
    "!\"": {
      "precision": 0.18181818181818182,
      "recall": 0.13333333333333333,
      "f1-score": 0.15384615384615385,
      "support": 15.0
    },
    "!\" -": {
      "precision": 0.0,
      "recall": 0.0,
      "f1-score": 0.0,
      "support": 7.0
    },
    "\"": {
      "precision": 0.18106490716587387,
      "recall": 0.6746712407089765,
      "f1-score": 0.28550689571739657,
      "support": 1749.0
    },
    "\" -": {
      "precision": 0.24074074074074073,
      "recall": 0.325,
      "f1-score": 0.2765957446808511,
      "support": 40.0
    },
    "\"!": {
      "precision": 0.0,
      "recall": 0.0,
      "f1-score": 0.0,
      "support": 2.0
    },
    "\"\"": {
      "precision": 0.0,
      "recall": 0.0,
      "f1-score": 0.0,
      "support": 3.0
    },
    "\",": {
      "precision": 0.370242214532872,
      "recall": 0.5194174757281553,
      "f1-score": 0.43232323232323233,
      "support": 206.0
    },
    "\", -": {
      "precision": 0.4146341463414634,
      "recall": 0.53125,
      "f1-score": 0.4657534246575342,
      "support": 32.0
    },
    "\".": {
      "precision": 0.3248,
      "recall": 0.5516304347826086,
      "f1-score": 0.40886203423967776,
      "support": 368.0
    },
    "\"?": {
      "precision": 0.6,
      "recall": 0.3,
      "f1-score": 0.4,
      "support": 10.0
    },
    ",": {
      "precision": 0.7418413732274917,
      "recall": 0.8987341772151899,
      "f1-score": 0.8127857275599331,
      "support": 12166.0
    },
    ", \"": {
      "precision": 0.2558139534883721,
      "recall": 0.3548387096774194,
      "f1-score": 0.2972972972972973,
      "support": 62.0
    },
    ", -": {
      "precision": 0.4246861924686193,
      "recall": 0.6744186046511628,
      "f1-score": 0.521181001283697,
      "support": 301.0
    },
    "-": {
      "precision": 0.32506459948320415,
      "recall": 0.5268006700167505,
      "f1-score": 0.40204538191115374,
      "support": 1194.0
    },
    "- \"": {
      "precision": 0.21739130434782608,
      "recall": 0.2,
      "f1-score": 0.20833333333333334,
      "support": 25.0
    },
    ".": {
      "precision": 0.9270848081551748,
      "recall": 0.8539384454877412,
      "f1-score": 0.889009571651619,
      "support": 7668.0
    },
    ". \"": {
      "precision": 0.378698224852071,
      "recall": 0.49612403100775193,
      "f1-score": 0.42953020134228187,
      "support": 129.0
    },
    ". -": {
      "precision": 0.492845786963434,
      "recall": 0.7451923076923077,
      "f1-score": 0.5933014354066986,
      "support": 416.0
    },
    ":": {
      "precision": 0.28313796212804326,
      "recall": 0.6408163265306123,
      "f1-score": 0.39274546591619763,
      "support": 490.0
    },
    ": \"": {
      "precision": 0.3826086956521739,
      "recall": 0.7154471544715447,
      "f1-score": 0.4985835694050991,
      "support": 123.0
    },
    ";": {
      "precision": 0.171875,
      "recall": 0.23157894736842105,
      "f1-score": 0.19730941704035873,
      "support": 95.0
    },
    "?": {
      "precision": 0.4656652360515021,
      "recall": 0.7114754098360656,
      "f1-score": 0.562905317769131,
      "support": 305.0
    },
    "? -": {
      "precision": 0.424390243902439,
      "recall": 0.6083916083916084,
      "f1-score": 0.5,
      "support": 143.0
    },
    "?\"": {
      "precision": 0.2222222222222222,
      "recall": 0.4,
      "f1-score": 0.2857142857142857,
      "support": 15.0
    },
    "?\" -": {
      "precision": 0.375,
      "recall": 0.375,
      "f1-score": 0.375,
      "support": 8.0
    },
    "O": {
      "precision": 0.9904371879929981,
      "recall": 0.8996515679442508,
      "f1-score": 0.9428640494571339,
      "support": 101885.0
    },
    "accuracy": 0.882834470495155,
    "macro avg": {
      "precision": 0.3564549355432113,
      "recall": 0.46157657094768345,
      "f1-score": 0.3877733775509788,
      "support": 127657.0
    },
    "weighted avg": {
      "precision": 0.9309619190165243,
      "recall": 0.882834470495155,
      "f1-score": 0.9014695873164896,
      "support": 127657.0
    }
  },
  "GERA_Test": {
    "!": {
      "precision": 0.0,
      "recall": 0.0,
      "f1-score": 0.0,
      "support": 2.0
    },
    "!\"": {
      "precision": 0.0,
      "recall": 0.0,
      "f1-score": 0.0,
      "support": 3.0
    },
    "\"": {
      "precision": 0.27850467289719627,
      "recall": 0.8054054054054054,
      "f1-score": 0.41388888888888886,
      "support": 370.0
    },
    "\" -": {
      "precision": 0.4,
      "recall": 0.36363636363636365,
      "f1-score": 0.38095238095238093,
      "support": 11.0
    },
    "\",": {
      "precision": 0.5283018867924528,
      "recall": 0.5,
      "f1-score": 0.5137614678899083,
      "support": 56.0
    },
    "\", -": {
      "precision": 0.5,
      "recall": 0.25,
      "f1-score": 0.3333333333333333,
      "support": 4.0
    },
    "\".": {
      "precision": 0.15632754342431762,
      "recall": 0.8289473684210527,
      "f1-score": 0.2630480167014614,
      "support": 76.0
    },
    "\"?": {
      "precision": 1.0,
      "recall": 0.14285714285714285,
      "f1-score": 0.25,
      "support": 7.0
    },
    ",": {
      "precision": 0.8020010531858873,
      "recall": 0.8663253697383391,
      "f1-score": 0.832923161060979,
      "support": 1758.0
    },
    ", \"": {
      "precision": 0.14285714285714285,
      "recall": 0.25,
      "f1-score": 0.18181818181818182,
      "support": 4.0
    },
    ", -": {
      "precision": 0.3333333333333333,
      "recall": 0.5,
      "f1-score": 0.4,
      "support": 8.0
    },
    "-": {
      "precision": 0.423728813559322,
      "recall": 0.7861635220125787,
      "f1-score": 0.5506607929515418,
      "support": 159.0
    },
    "- \"": {
      "precision": 0.14285714285714285,
      "recall": 0.25,
      "f1-score": 0.18181818181818182,
      "support": 4.0
    },
    ".": {
      "precision": 0.95,
      "recall": 0.7503725782414307,
      "f1-score": 0.8384679433805162,
      "support": 1342.0
    },
    ". \"": {
      "precision": 0.0,
      "recall": 0.0,
      "f1-score": 0.0,
      "support": 4.0
    },
    ":": {
      "precision": 0.19130434782608696,
      "recall": 0.5641025641025641,
      "f1-score": 0.2857142857142857,
      "support": 39.0
    },
    ": \"": {
      "precision": 0.6190476190476191,
      "recall": 0.65,
      "f1-score": 0.6341463414634146,
      "support": 20.0
    },
    ";": {
      "precision": 0.0625,
      "recall": 1.0,
      "f1-score": 0.11764705882352941,
      "support": 3.0
    },
    "?": {
      "precision": 0.5686274509803921,
      "recall": 0.8787878787878788,
      "f1-score": 0.6904761904761905,
      "support": 33.0
    },
    "? -": {
      "precision": 0.0,
      "recall": 0.0,
      "f1-score": 0.0,
      "support": 1.0
    },
    "?\"": {
      "precision": 0.25,
      "recall": 1.0,
      "f1-score": 0.4,
      "support": 1.0
    },