{
  "timestamp": "2026-04-24 15:58:57.167348",
  "config": {
    "name": "03_crf_transitions_synthetic",
    "architecture": "bert+crf",
    "loss": "crf",
    "train_files": [
      "/home/temari/god please no diploma/restore_punct/data/train_all_synthetic.json"
    ],
    "val_files": [
      "/home/temari/god please no diploma/restore_punct/data/val_internal.json"
    ],
    "replay_files": [],
    "init_from": null,
    "num_epochs": 3,
    "learning_rate": 2e-05,
    "benchmarks": null,
    "seed": 42,
    "crf_init_transitions": true,
    "crf_aux_loss": "none",
    "crf_aux_weight": 0.2,
    "crf_aux_gamma": 2.0,
    "o_mask_prob": 0.0,
    "tags": {
      "stage": "1-baseline-loss-sweep"
    }
  },
  "General_Test": {
    "!": {
      "precision": 0.2682926829268293,
      "recall": 0.07913669064748201,
      "f1-score": 0.12222222222222222,
      "support": 139.0
    },
    "! -": {
      "precision": 0.3333333333333333,
      "recall": 0.01639344262295082,
      "f1-score": 0.03125,
      "support": 61.0
    },
    "!\"": {
      "precision": 0.0,
      "recall": 0.0,
      "f1-score": 0.0,
      "support": 15.0
    },
    "!\" -": {
      "precision": 0.0,
      "recall": 0.0,
      "f1-score": 0.0,
      "support": 7.0
    },
    "\"": {
      "precision": 0.648506151142355,
      "recall": 0.4219554030874786,
      "f1-score": 0.511257360581919,
      "support": 1749.0
    },
    "\" -": {
      "precision": 0.28,
      "recall": 0.175,
      "f1-score": 0.2153846153846154,
      "support": 40.0
    },
    "\"!": {
      "precision": 0.0,
      "recall": 0.0,
      "f1-score": 0.0,
      "support": 2.0
    },
    "\"\"": {
      "precision": 0.0,
      "recall": 0.0,
      "f1-score": 0.0,
      "support": 3.0
    },
    "\",": {
      "precision": 0.6546762589928058,
      "recall": 0.441747572815534,
      "f1-score": 0.527536231884058,
      "support": 206.0
    },
    "\", -": {
      "precision": 0.5428571428571428,
      "recall": 0.59375,
      "f1-score": 0.5671641791044776,
      "support": 32.0
    },
    "\".": {
      "precision": 0.5641025641025641,
      "recall": 0.41847826086956524,
      "f1-score": 0.48049921996879874,
      "support": 368.0
    },
    "\"?": {
      "precision": 1.0,
      "recall": 0.2,
      "f1-score": 0.3333333333333333,
      "support": 10.0
    },
    ",": {
      "precision": 0.8884310874131524,
      "recall": 0.9039125431530495,
      "f1-score": 0.8961049543676662,
      "support": 12166.0
    },
    ", \"": {
      "precision": 0.8,
      "recall": 0.1935483870967742,
      "f1-score": 0.3116883116883117,
      "support": 62.0
    },
    ", -": {
      "precision": 0.6201550387596899,
      "recall": 0.53156146179402,
      "f1-score": 0.5724508050089445,
      "support": 301.0
    },
    "-": {
      "precision": 0.597877358490566,
      "recall": 0.42462311557788945,
      "f1-score": 0.49657198824681686,
      "support": 1194.0
    },
    "- \"": {
      "precision": 0.21428571428571427,
      "recall": 0.12,
      "f1-score": 0.15384615384615385,
      "support": 25.0
    },
    ".": {
      "precision": 0.9031137575983129,
      "recall": 0.9494001043296818,
      "f1-score": 0.9256786826880284,
      "support": 7668.0
    },
    ". \"": {
      "precision": 0.5052631578947369,
      "recall": 0.37209302325581395,
      "f1-score": 0.42857142857142855,
      "support": 129.0
    },
    ". -": {
      "precision": 0.6852367688022284,
      "recall": 0.5913461538461539,
      "f1-score": 0.6348387096774194,
      "support": 416.0
    },
    ":": {
      "precision": 0.5124481327800829,
      "recall": 0.5040816326530613,
      "f1-score": 0.5082304526748971,
      "support": 490.0
    },
    ": \"": {
      "precision": 0.5094339622641509,
      "recall": 0.6585365853658537,
      "f1-score": 0.574468085106383,
      "support": 123.0
    },
    ";": {
      "precision": 0.43478260869565216,
      "recall": 0.10526315789473684,
      "f1-score": 0.1694915254237288,
      "support": 95.0
    },
    "?": {
      "precision": 0.5905044510385756,
      "recall": 0.6524590163934426,
      "f1-score": 0.6199376947040498,
      "support": 305.0
    },
    "? -": {
      "precision": 0.4864864864864865,
      "recall": 0.3776223776223776,
      "f1-score": 0.4251968503937008,
      "support": 143.0
    },
    "?\"": {
      "precision": 0.5,
      "recall": 0.2,
      "f1-score": 0.2857142857142857,
      "support": 15.0
    },
    "?\" -": {
      "precision": 0.5,
      "recall": 0.25,
      "f1-score": 0.3333333333333333,
      "support": 8.0
    },
    "O": {
      "precision": 0.9766053440161798,
      "recall": 0.9857977131079158,
      "f1-score": 0.9811799989254087,
      "support": 101885.0
    },
    "accuracy": 0.9502808306634184,
    "macro avg": {
      "precision": 0.5005854286385913,
      "recall": 0.36309666579049216,
      "f1-score": 0.3966410865303565,
      "support": 127657.0
    },
    "weighted avg": {
      "precision": 0.9457375207632596,
      "recall": 0.9502808306634184,
      "f1-score": 0.9470433617172709,
      "support": 127657.0
    }
  },
  "GERA_Test": {
    "!": {
      "precision": 0.0,
      "recall": 0.0,
      "f1-score": 0.0,
      "support": 2.0
    },
    "!\"": {
      "precision": 0.0,
      "recall": 0.0,
      "f1-score": 0.0,
      "support": 3.0
    },
    "\"": {
      "precision": 0.8791666666666667,
      "recall": 0.5702702702702702,
      "f1-score": 0.6918032786885245,
      "support": 370.0
    },
    "\" -": {
      "precision": 0.4,
      "recall": 0.18181818181818182,
      "f1-score": 0.25,
      "support": 11.0
    },
    "\",": {
      "precision": 0.8333333333333334,
      "recall": 0.35714285714285715,
      "f1-score": 0.5,
      "support": 56.0
    },
    "\", -": {
      "precision": 0.5,
      "recall": 0.5,
      "f1-score": 0.5,
      "support": 4.0
    },
    "\".": {
      "precision": 0.5698924731182796,
      "recall": 0.6973684210526315,
      "f1-score": 0.6272189349112426,
      "support": 76.0
    },
    "\"?": {
      "precision": 0.0,
      "recall": 0.0,
      "f1-score": 0.0,
      "support": 7.0
    },
    ",": {
      "precision": 0.9164231443600234,
      "recall": 0.8919226393629124,
      "f1-score": 0.904006918420294,
      "support": 1758.0
    },
    ", \"": {
      "precision": 0.3333333333333333,
      "recall": 0.25,
      "f1-score": 0.2857142857142857,
      "support": 4.0
    },
    ", -": {
      "precision": 1.0,
      "recall": 0.375,
      "f1-score": 0.5454545454545454,
      "support": 8.0
    },
    "-": {
      "precision": 0.7243589743589743,
      "recall": 0.710691823899371,
      "f1-score": 0.7174603174603175,
      "support": 159.0
    },
    "- \"": {
      "precision": 0.3333333333333333,
      "recall": 0.5,
      "f1-score": 0.4,
      "support": 4.0
    },
    ".": {
      "precision": 0.9370021723388848,
      "recall": 0.9642324888226528,
      "f1-score": 0.9504223283143591,
      "support": 1342.0
    },
    ". \"": {
      "precision": 0.0,
      "recall": 0.0,
      "f1-score": 0.0,
      "support": 4.0
    },
    ":": {
      "precision": 0.3902439024390244,
      "recall": 0.41025641025641024,
      "f1-score": 0.4,
      "support": 39.0
    },
    ": \"": {
      "precision": 0.6428571428571429,
      "recall": 0.45,
      "f1-score": 0.5294117647058824,
      "support": 20.0
    },
    ";": {
      "precision": 0.08333333333333333,
      "recall": 0.3333333333333333,
      "f1-score": 0.13333333333333333,
      "support": 3.0
    },
    "?": {
      "precision": 0.675,
      "recall": 0.8181818181818182,
      "f1-score": 0.7397260273972602,
      "support": 33.0
    },
    "? -": {
      "precision": 0.0,
      "recall": 0.0,
      "f1-score": 0.0,
      "support": 1.0
    },
    "?\"": {
      "precision": 0.0,
      "recall": 0.0,
      "f1-score": 0.0,
      "support": 1.0
    },
    "?\" -": {
      "precision": 0.0,
      "recall": 0.0,
      "f1-score": 0.0,