{
  "timestamp": "2026-04-28 16:57:44.965746",
  "config": {
    "name": "03_crf_transitions_mined_5000",
    "architecture": "bert+crf",
    "loss": "crf",
    "train_files": [
      "/home/temari/god please no diploma/restore_punct/data/train_all_rare_5000.json"
    ],
    "val_files": [
      "/home/temari/god please no diploma/restore_punct/data/val_internal.json"
    ],
    "replay_files": [],
    "init_from": null,
    "num_epochs": 3,
    "learning_rate": 2e-05,
    "benchmarks": null,
    "seed": 42,
    "crf_init_transitions": true,
    "crf_aux_loss": "none",
    "crf_aux_weight": 0.2,
    "crf_aux_gamma": 2.0,
    "o_mask_prob": 0.0,
    "tags": {
      "stage": "1-baseline-loss-sweep"
    }
  },
  "General_Test": {
    "!": {
      "precision": 0.2777777777777778,
      "recall": 0.1079136690647482,
      "f1-score": 0.15544041450777202,
      "support": 139.0
    },
    "! -": {
      "precision": 0.4782608695652174,
      "recall": 0.18032786885245902,
      "f1-score": 0.2619047619047619,
      "support": 61.0
    },
    "!\"": {
      "precision": 0.0,
      "recall": 0.0,
      "f1-score": 0.0,
      "support": 15.0
    },
    "!\" -": {
      "precision": 0.0,
      "recall": 0.0,
      "f1-score": 0.0,
      "support": 7.0
    },
    "\"": {
      "precision": 0.642418930762489,
      "recall": 0.41909662664379643,
      "f1-score": 0.5072664359861592,
      "support": 1749.0
    },
    "\" -": {
      "precision": 0.3181818181818182,
      "recall": 0.175,
      "f1-score": 0.22580645161290322,
      "support": 40.0
    },
    "\"!": {
      "precision": 0.0,
      "recall": 0.0,
      "f1-score": 0.0,
      "support": 2.0
    },
    "\"\"": {
      "precision": 0.0,
      "recall": 0.0,
      "f1-score": 0.0,
      "support": 3.0
    },
    "\",": {
      "precision": 0.6137931034482759,
      "recall": 0.4320388349514563,
      "f1-score": 0.5071225071225072,
      "support": 206.0
    },
    "\", -": {
      "precision": 0.525,
      "recall": 0.65625,
      "f1-score": 0.5833333333333334,
      "support": 32.0
    },
    "\".": {
      "precision": 0.5551724137931034,
      "recall": 0.4375,
      "f1-score": 0.48936170212765956,
      "support": 368.0
    },
    "\"?": {
      "precision": 0.5,
      "recall": 0.2,
      "f1-score": 0.2857142857142857,
      "support": 10.0
    },
    ",": {
      "precision": 0.8887994850337947,
      "recall": 0.9079401611047181,
      "f1-score": 0.8982678702122469,
      "support": 12166.0
    },
    ", \"": {
      "precision": 0.47368421052631576,
      "recall": 0.14516129032258066,
      "f1-score": 0.2222222222222222,
      "support": 62.0
    },
    ", -": {
      "precision": 0.6996336996336996,
      "recall": 0.6345514950166113,
      "f1-score": 0.6655052264808362,
      "support": 301.0
    },
    "-": {
      "precision": 0.5981630309988519,
      "recall": 0.43634840871021774,
      "f1-score": 0.5046004842615012,
      "support": 1194.0
    },
    "- \"": {
      "precision": 0.3,
      "recall": 0.12,
      "f1-score": 0.17142857142857143,
      "support": 25.0
    },
    ".": {
      "precision": 0.9081950854434327,
      "recall": 0.9495305164319249,
      "f1-score": 0.928402932738285,
      "support": 7668.0
    },
    ". \"": {
      "precision": 0.5684210526315789,
      "recall": 0.4186046511627907,
      "f1-score": 0.48214285714285715,
      "support": 129.0
    },
    ". -": {
      "precision": 0.7467018469656992,
      "recall": 0.6802884615384616,
      "f1-score": 0.7119496855345911,
      "support": 416.0
    },
    ":": {
      "precision": 0.5240174672489083,
      "recall": 0.4897959183673469,
      "f1-score": 0.5063291139240507,
      "support": 490.0
    },
    ": \"": {
      "precision": 0.5189873417721519,
      "recall": 0.6666666666666666,
      "f1-score": 0.5836298932384342,
      "support": 123.0
    },
    ";": {
      "precision": 0.3783783783783784,
      "recall": 0.14736842105263157,
      "f1-score": 0.21212121212121213,
      "support": 95.0
    },
    "?": {
      "precision": 0.6172839506172839,
      "recall": 0.6557377049180327,
      "f1-score": 0.6359300476947536,
      "support": 305.0
    },
    "? -": {
      "precision": 0.5140845070422535,
      "recall": 0.5104895104895105,
      "f1-score": 0.512280701754386,
      "support": 143.0
    },
    "?\"": {
      "precision": 0.3333333333333333,
      "recall": 0.2,
      "f1-score": 0.25,
      "support": 15.0
    },
    "?\" -": {
      "precision": 0.4,
      "recall": 0.25,
      "f1-score": 0.3076923076923077,
      "support": 8.0
    },
    "O": {
      "precision": 0.977838364167478,
      "recall": 0.9856603032831133,
      "f1-score": 0.9817337536965076,
      "support": 101885.0
    },
    "accuracy": 0.9514950218162733,
    "macro avg": {
      "precision": 0.4770759524043515,
      "recall": 0.38593823244918096,
      "f1-score": 0.413935241873291,
      "support": 127657.0
    },
    "weighted avg": {
      "precision": 0.9473279080883928,
      "recall": 0.9514950218162733,
      "f1-score": 0.9486661174089737,
      "support": 127657.0
    }
  },
  "GERA_Test": {
    "!": {
      "precision": 0.0,
      "recall": 0.0,
      "f1-score": 0.0,
      "support": 2.0
    },
    "!\"": {
      "precision": 0.0,
      "recall": 0.0,
      "f1-score": 0.0,
      "support": 3.0
    },
    "!\" -": {
      "precision": 0.0,
      "recall": 0.0,
      "f1-score": 0.0,
      "support": 0.0
    },
    "\"": {
      "precision": 0.8986784140969163,
      "recall": 0.5513513513513514,
      "f1-score": 0.6834170854271356,
      "support": 370.0
    },
    "\" -": {
      "precision": 0.5,
      "recall": 0.09090909090909091,
      "f1-score": 0.15384615384615385,
      "support": 11.0
    },
    "\",": {
      "precision": 0.8636363636363636,
      "recall": 0.3392857142857143,
      "f1-score": 0.48717948717948717,
      "support": 56.0
    },
    "\", -": {
      "precision": 1.0,
      "recall": 0.25,
      "f1-score": 0.4,
      "support": 4.0
    },
    "\".": {
      "precision": 0.5247524752475248,
      "recall": 0.6973684210526315,
      "f1-score": 0.5988700564971752,
      "support": 76.0
    },
    "\"?": {
      "precision": 1.0,
      "recall": 0.14285714285714285,
      "f1-score": 0.25,
      "support": 7.0
    },
    ",": {
      "precision": 0.9126662810873337,
      "recall": 0.8976109215017065,
      "f1-score": 0.9050759965586465,
      "support": 1758.0
    },
    ", \"": {
      "precision": 0.0,
      "recall": 0.0,
      "f1-score": 0.0,
      "support": 4.0
    },
    ", -": {
      "precision": 0.5,
      "recall": 0.25,
      "f1-score": 0.3333333333333333,
      "support": 8.0
    },
    "-": {
      "precision": 0.7125,
      "recall": 0.7169811320754716,
      "f1-score": 0.7147335423197492,
      "support": 159.0
    },
    "- \"": {
      "precision": 0.2857142857142857,
      "recall": 0.5,
      "f1-score": 0.36363636363636365,
      "support": 4.0
    },
    ".": {
      "precision": 0.9398826979472141,
      "recall": 0.9552906110283159,
      "f1-score": 0.9475240206947524,
      "support": 1342.0
    },
    ". \"": {
      "precision": 0.0,
      "recall": 0.0,
      "f1-score": 0.0,
      "support": 4.0
    },
    ":": {
      "precision": 0.3953488372093023,
      "recall": 0.4358974358974359,
      "f1-score": 0.4146341463414634,
      "support": 39.0
    },
    ": \"": {
      "precision": 0.6,
      "recall": 0.45,
      "f1-score": 0.5142857142857142,
      "support": 20.0
    },
    ";": {
      "precision": 0.0,
      "recall": 0.0,
      "f1-score": 0.0,
      "support": 3.0
    },
    "?": {
      "precision": 0.675,
      "recall": 0.8181818181818182,
      "f1-score": 0.7397260273972602,
      "support": 33.0
    },
    "? -": {
      "precision": 0.0,
      "recall": 0.0,
      "f1-score": 0.0,
      "support": 1.0
    },
    "?\"": {
      "precision": 0.0,
      "recall": 0.0,
      "f1-score": 0.0,
      "support": 1.0
    },