{
  "timestamp": "2026-04-30 17:25:51.342551",
  "config": {
    "name": "03_crf_transitions_mined_v2",
    "architecture": "bert+crf",
    "loss": "crf",
    "train_files": [
      "/home/temari/god please no diploma/restore_punct/data/train_all_rare_punct.json"
    ],
    "val_files": [
      "/home/temari/god please no diploma/restore_punct/data/val_internal.json"
    ],
    "replay_files": [],
    "init_from": null,
    "num_epochs": 4,
    "learning_rate": 2e-05,
    "benchmarks": null,
    "seed": 42,
    "crf_init_transitions": true,
    "crf_aux_loss": "none",
    "crf_aux_weight": 0.2,
    "crf_aux_gamma": 2.0,
    "o_mask_prob": 0.0,
    "warmup_ratio": 0.1,
    "tags": {
      "stage": "3-improved-base"
    }
  },
  "General_Test": {
    "!": {
      "precision": 0.4368932038834951,
      "recall": 0.3237410071942446,
      "f1-score": 0.371900826446281,
      "support": 139.0
    },
    "! -": {
      "precision": 0.6341463414634146,
      "recall": 0.4262295081967213,
      "f1-score": 0.5098039215686274,
      "support": 61.0
    },
    "!\"": {
      "precision": 0.2,
      "recall": 0.26666666666666666,
      "f1-score": 0.22857142857142856,
      "support": 15.0
    },
    "!\" -": {
      "precision": 0.0,
      "recall": 0.0,
      "f1-score": 0.0,
      "support": 7.0
    },
    "\"": {
      "precision": 0.6360808709175739,
      "recall": 0.4676958261863922,
      "f1-score": 0.5390444810543658,
      "support": 1749.0
    },
    "\" -": {
      "precision": 0.35714285714285715,
      "recall": 0.25,
      "f1-score": 0.29411764705882354,
      "support": 40.0
    },
    "\"!": {
      "precision": 0.0,
      "recall": 0.0,
      "f1-score": 0.0,
      "support": 2.0
    },
    "\"\"": {
      "precision": 0.0,
      "recall": 0.0,
      "f1-score": 0.0,
      "support": 3.0
    },
    "\",": {
      "precision": 0.6331360946745562,
      "recall": 0.5194174757281553,
      "f1-score": 0.5706666666666667,
      "support": 206.0
    },
    "\", -": {
      "precision": 0.4634146341463415,
      "recall": 0.59375,
      "f1-score": 0.5205479452054794,
      "support": 32.0
    },
    "\".": {
      "precision": 0.5836065573770491,
      "recall": 0.483695652173913,
      "f1-score": 0.5289747399702823,
      "support": 368.0
    },
    "\"?": {
      "precision": 0.25,
      "recall": 0.4,
      "f1-score": 0.3076923076923077,
      "support": 10.0
    },
    ",": {
      "precision": 0.8967087394152421,
      "recall": 0.9226532960710175,
      "f1-score": 0.9094960298168855,
      "support": 12166.0
    },
    ", \"": {
      "precision": 0.5,
      "recall": 0.22580645161290322,
      "f1-score": 0.3111111111111111,
      "support": 62.0
    },
    ", -": {
      "precision": 0.7718631178707225,
      "recall": 0.6744186046511628,
      "f1-score": 0.7198581560283688,
      "support": 301.0
    },
    "-": {
      "precision": 0.6311569301260023,
      "recall": 0.46147403685092125,
      "f1-score": 0.5331398161586841,
      "support": 1194.0
    },
    "- \"": {
      "precision": 0.23529411764705882,
      "recall": 0.32,
      "f1-score": 0.2711864406779661,
      "support": 25.0
    },
    ".": {
      "precision": 0.922599442614644,
      "recall": 0.949791340636411,
      "f1-score": 0.9359979437090348,
      "support": 7668.0
    },
    ". \"": {
      "precision": 0.5446428571428571,
      "recall": 0.4728682170542636,
      "f1-score": 0.5062240663900415,
      "support": 129.0
    },
    ". -": {
      "precision": 0.7894736842105263,
      "recall": 0.6850961538461539,
      "f1-score": 0.7335907335907336,
      "support": 416.0
    },
    ":": {
      "precision": 0.5636363636363636,
      "recall": 0.5061224489795918,
      "f1-score": 0.5333333333333333,
      "support": 490.0
    },
    ": \"": {
      "precision": 0.5460526315789473,
      "recall": 0.6747967479674797,
      "f1-score": 0.6036363636363636,
      "support": 123.0
    },
    ";": {
      "precision": 0.2608695652173913,
      "recall": 0.12631578947368421,
      "f1-score": 0.1702127659574468,
      "support": 95.0
    },
    "?": {
      "precision": 0.6875,
      "recall": 0.6852459016393443,
      "f1-score": 0.6863711001642037,
      "support": 305.0
    },
    "? -": {
      "precision": 0.65625,
      "recall": 0.5874125874125874,
      "f1-score": 0.6199261992619927,
      "support": 143.0
    },
    "?\"": {
      "precision": 0.18518518518518517,
      "recall": 0.3333333333333333,
      "f1-score": 0.23809523809523808,
      "support": 15.0
    },
    "?\" -": {
      "precision": 0.3333333333333333,
      "recall": 0.5,
      "f1-score": 0.4,
      "support": 8.0
    },
    "O": {
      "precision": 0.9804489995119571,
      "recall": 0.9858860479952888,
      "f1-score": 0.9831600068514939,
      "support": 101885.0
    },
    "accuracy": 0.9551610957487643,
    "macro avg": {
      "precision": 0.48926555453912574,
      "recall": 0.45865775334536557,
      "f1-score": 0.4652378310363271,
      "support": 127657.0
    },
    "weighted avg": {
      "precision": 0.9522957708842488,
      "recall": 0.9551610957487643,
      "f1-score": 0.9532611088890905,
      "support": 127657.0
    }
  },
  "GERA_Test": {
    "!": {
      "precision": 0.0,
      "recall": 0.0,
      "f1-score": 0.0,
      "support": 2.0
    },
    "!\"": {
      "precision": 0.0,
      "recall": 0.0,
      "f1-score": 0.0,
      "support": 3.0
    },
    "\"": {
      "precision": 0.8352059925093633,
      "recall": 0.6027027027027027,
      "f1-score": 0.7001569858712716,
      "support": 370.0
    },
    "\" -": {
      "precision": 0.5,
      "recall": 0.09090909090909091,
      "f1-score": 0.15384615384615385,
      "support": 11.0
    },
    "\",": {
      "precision": 0.7777777777777778,
      "recall": 0.375,
      "f1-score": 0.5060240963855421,
      "support": 56.0
    },
    "\", -": {
      "precision": 0.5,
      "recall": 0.5,
      "f1-score": 0.5,
      "support": 4.0
    },
    "\".": {
      "precision": 0.5604395604395604,
      "recall": 0.6710526315789473,
      "f1-score": 0.6107784431137725,
      "support": 76.0
    },
    "\"?": {
      "precision": 0.6666666666666666,
      "recall": 0.2857142857142857,
      "f1-score": 0.4,
      "support": 7.0
    },
    ",": {
      "precision": 0.9125714285714286,
      "recall": 0.9084186575654153,
      "f1-score": 0.9104903078677309,
      "support": 1758.0
    },
    ", \"": {
      "precision": 0.5,
      "recall": 0.25,
      "f1-score": 0.3333333333333333,
      "support": 4.0
    },
    ", -": {
      "precision": 0.75,
      "recall": 0.375,
      "f1-score": 0.5,
      "support": 8.0
    },
    "-": {
      "precision": 0.7302631578947368,
      "recall": 0.6981132075471698,
      "f1-score": 0.7138263665594855,
      "support": 159.0
    },
    "- \"": {
      "precision": 0.2857142857142857,
      "recall": 0.5,
      "f1-score": 0.36363636363636365,
      "support": 4.0
    },
    ".": {
      "precision": 0.9485294117647058,
      "recall": 0.9612518628912071,
      "f1-score": 0.9548482605477424,
      "support": 1342.0
    },
    ". \"": {
      "precision": 0.0,
      "recall": 0.0,
      "f1-score": 0.0,
      "support": 4.0
    },
    ":": {
      "precision": 0.30434782608695654,
      "recall": 0.358974358974359,
      "f1-score": 0.32941176470588235,
      "support": 39.0
    },
    ": \"": {
      "precision": 0.6666666666666666,
      "recall": 0.6,
      "f1-score": 0.631578947368421,
      "support": 20.0
    },
    ";": {
      "precision": 0.08333333333333333,
      "recall": 0.3333333333333333,
      "f1-score": 0.13333333333333333,
      "support": 3.0
    },
    "?": {
      "precision": 0.6857142857142857,
      "recall": 0.7272727272727273,
      "f1-score": 0.7058823529411765,
      "support": 33.0
    },
    "? -": {
      "precision": 0.0,
      "recall": 0.0,
      "f1-score": 0.0,
      "support": 1.0
    },
    "?\"": {
      "precision": 0.0,