{
  "timestamp": "2026-04-28 19:35:58.421573",
  "config": {
    "name": "03_crf_transitions_synthetic",
    "architecture": "bert+crf",
    "loss": "crf",
    "train_files": [
      "/home/temari/god please no diploma/restore_punct/data/train_all_synthetic.json"
    ],
    "val_files": [
      "/home/temari/god please no diploma/restore_punct/data/val_internal.json"
    ],
    "replay_files": [],
    "init_from": null,
    "num_epochs": 3,
    "learning_rate": 2e-05,
    "benchmarks": null,
    "seed": 42,
    "crf_init_transitions": true,
    "crf_aux_loss": "none",
    "crf_aux_weight": 0.2,
    "crf_aux_gamma": 2.0,
    "o_mask_prob": 0.0,
    "tags": {
      "stage": "1-baseline-loss-sweep"
    }
  },
  "General_Test": {
    "!": {
      "precision": 0.24528301886792453,
      "recall": 0.09352517985611511,
      "f1-score": 0.13541666666666666,
      "support": 139.0
    },
    "! -": {
      "precision": 0.4,
      "recall": 0.06557377049180328,
      "f1-score": 0.11267605633802817,
      "support": 61.0
    },
    "!\"": {
      "precision": 0.2222222222222222,
      "recall": 0.13333333333333333,
      "f1-score": 0.16666666666666666,
      "support": 15.0
    },
    "!\" -": {
      "precision": 0.0,
      "recall": 0.0,
      "f1-score": 0.0,
      "support": 7.0
    },
    "\"": {
      "precision": 0.6402387041773231,
      "recall": 0.429388221841052,
      "f1-score": 0.5140314852840521,
      "support": 1749.0
    },
    "\" -": {
      "precision": 0.2692307692307692,
      "recall": 0.175,
      "f1-score": 0.21212121212121213,
      "support": 40.0
    },
    "\"!": {
      "precision": 0.0,
      "recall": 0.0,
      "f1-score": 0.0,
      "support": 2.0
    },
    "\"\"": {
      "precision": 0.0,
      "recall": 0.0,
      "f1-score": 0.0,
      "support": 3.0
    },
    "\",": {
      "precision": 0.6474820143884892,
      "recall": 0.4368932038834951,
      "f1-score": 0.5217391304347826,
      "support": 206.0
    },
    "\", -": {
      "precision": 0.5,
      "recall": 0.59375,
      "f1-score": 0.5428571428571428,
      "support": 32.0
    },
    "\".": {
      "precision": 0.5664335664335665,
      "recall": 0.44021739130434784,
      "f1-score": 0.4954128440366973,
      "support": 368.0
    },
    "\"?": {
      "precision": 0.0,
      "recall": 0.0,
      "f1-score": 0.0,
      "support": 10.0
    },
    ",": {
      "precision": 0.8865134222793764,
      "recall": 0.9066250205490712,
      "f1-score": 0.8964564369310793,
      "support": 12166.0
    },
    ", \"": {
      "precision": 0.5555555555555556,
      "recall": 0.16129032258064516,
      "f1-score": 0.25,
      "support": 62.0
    },
    ", -": {
      "precision": 0.6755725190839694,
      "recall": 0.5880398671096345,
      "f1-score": 0.6287744227353463,
      "support": 301.0
    },
    "-": {
      "precision": 0.5990990990990991,
      "recall": 0.4455611390284757,
      "f1-score": 0.5110470701248799,
      "support": 1194.0
    },
    "- \"": {
      "precision": 0.35714285714285715,
      "recall": 0.2,
      "f1-score": 0.2564102564102564,
      "support": 25.0
    },
    ".": {
      "precision": 0.9071419668453197,
      "recall": 0.9491392801251957,
      "f1-score": 0.9276655407558473,
      "support": 7668.0
    },
    ". \"": {
      "precision": 0.5930232558139535,
      "recall": 0.3953488372093023,
      "f1-score": 0.4744186046511628,
      "support": 129.0
    },
    ". -": {
      "precision": 0.7267441860465116,
      "recall": 0.6009615384615384,
      "f1-score": 0.6578947368421053,
      "support": 416.0
    },
    ":": {
      "precision": 0.5031446540880503,
      "recall": 0.4897959183673469,
      "f1-score": 0.4963805584281282,
      "support": 490.0
    },
    ": \"": {
      "precision": 0.47928994082840237,
      "recall": 0.6585365853658537,
      "f1-score": 0.5547945205479452,
      "support": 123.0
    },
    ";": {
      "precision": 0.3125,
      "recall": 0.10526315789473684,
      "f1-score": 0.15748031496062992,
      "support": 95.0
    },
    "?": {
      "precision": 0.5808383233532934,
      "recall": 0.6360655737704918,
      "f1-score": 0.6071987480438185,
      "support": 305.0
    },
    "? -": {
      "precision": 0.512396694214876,
      "recall": 0.43356643356643354,
      "f1-score": 0.4696969696969697,
      "support": 143.0
    },
    "?\"": {
      "precision": 0.2857142857142857,
      "recall": 0.13333333333333333,
      "f1-score": 0.18181818181818182,
      "support": 15.0
    },
    "?\" -": {
      "precision": 0.23076923076923078,
      "recall": 0.375,
      "f1-score": 0.2857142857142857,
      "support": 8.0
    },
    "O": {
      "precision": 0.9774851978809598,
      "recall": 0.9851891838837905,
      "f1-score": 0.9813220708500144,
      "support": 101885.0
    },
    "accuracy": 0.9505863368244593,
    "macro avg": {
      "precision": 0.4526364815727155,
      "recall": 0.3725499032841427,
      "f1-score": 0.39421406867556785,
      "support": 127657.0
    },
    "weighted avg": {
      "precision": 0.9464046711512464,
      "recall": 0.9505863368244593,
      "f1-score": 0.9477314924092685,
      "support": 127657.0
    }
  },
  "GERA_Test": {
    "!": {
      "precision": 0.0,
      "recall": 0.0,
      "f1-score": 0.0,
      "support": 2.0
    },
    "!\"": {
      "precision": 0.0,
      "recall": 0.0,
      "f1-score": 0.0,
      "support": 3.0
    },
    "!\" -": {
      "precision": 0.0,
      "recall": 0.0,
      "f1-score": 0.0,
      "support": 0.0
    },
    "\"": {
      "precision": 0.8791666666666667,
      "recall": 0.5702702702702702,
      "f1-score": 0.6918032786885245,
      "support": 370.0
    },
    "\" -": {
      "precision": 0.4,
      "recall": 0.18181818181818182,
      "f1-score": 0.25,
      "support": 11.0
    },
    "\",": {
      "precision": 0.8695652173913043,
      "recall": 0.35714285714285715,
      "f1-score": 0.5063291139240507,
      "support": 56.0
    },
    "\", -": {
      "precision": 0.6666666666666666,
      "recall": 0.5,
      "f1-score": 0.5714285714285714,
      "support": 4.0
    },
    "\".": {
      "precision": 0.4426229508196721,
      "recall": 0.7105263157894737,
      "f1-score": 0.5454545454545454,
      "support": 76.0
    },
    "\"?": {
      "precision": 0.0,
      "recall": 0.0,
      "f1-score": 0.0,
      "support": 7.0
    },
    ",": {
      "precision": 0.9155011655011654,
      "recall": 0.8936291240045506,
      "f1-score": 0.9044329303396661,
      "support": 1758.0
    },
    ", \"": {
      "precision": 0.5,
      "recall": 0.25,
      "f1-score": 0.3333333333333333,
      "support": 4.0
    },
    ", -": {
      "precision": 0.75,
      "recall": 0.375,
      "f1-score": 0.5,
      "support": 8.0
    },
    "-": {
      "precision": 0.7197452229299363,
      "recall": 0.710691823899371,
      "f1-score": 0.7151898734177216,
      "support": 159.0
    },
    "- \"": {
      "precision": 0.3333333333333333,
      "recall": 0.5,
      "f1-score": 0.4,
      "support": 4.0
    },
    ".": {
      "precision": 0.9386094674556213,
      "recall": 0.9456035767511177,
      "f1-score": 0.9420935412026726,
      "support": 1342.0
    },
    ". \"": {
      "precision": 0.0,
      "recall": 0.0,
      "f1-score": 0.0,
      "support": 4.0
    },
    ":": {
      "precision": 0.4166666666666667,
      "recall": 0.38461538461538464,
      "f1-score": 0.4,
      "support": 39.0
    },
    ": \"": {
      "precision": 0.6470588235294118,
      "recall": 0.55,
      "f1-score": 0.5945945945945946,
      "support": 20.0
    },
    ";": {
      "precision": 0.07142857142857142,
      "recall": 0.6666666666666666,
      "f1-score": 0.12903225806451613,
      "support": 3.0
    },
    "?": {
      "precision": 0.7105263157894737,
      "recall": 0.8181818181818182,
      "f1-score": 0.7605633802816901,
      "support": 33.0
    },
    "? -": {
      "precision": 0.0,
      "recall": 0.0,
      "f1-score": 0.0,