{
    "baseline_model_focal": {
        "timestamp": "2026-03-17 12:25:53.602435",
        "General_Test": {
            " \"": {
                "precision": 0.6878612716763006,
                "recall": 0.4473684210526316,
                "f1-score": 0.5421412300683371,
                "support": 1064.0
            },
            "!": {
                "precision": 0.5714285714285714,
                "recall": 0.02877697841726619,
                "f1-score": 0.0547945205479452,
                "support": 139.0
            },
            "! -": {
                "precision": 0.0,
                "recall": 0.0,
                "f1-score": 0.0,
                "support": 61.0
            },
            "\" ": {
                "precision": 0.6634146341463415,
                "recall": 0.3970802919708029,
                "f1-score": 0.4968036529680365,
                "support": 685.0
            },
            "\"!": {
                "precision": 0.0,
                "recall": 0.0,
                "f1-score": 0.0,
                "support": 2.0
            },
            "\"\"": {
                "precision": 0.0,
                "recall": 0.0,
                "f1-score": 0.0,
                "support": 3.0
            },
            "\",": {
                "precision": 0.6174496644295302,
                "recall": 0.44660194174757284,
                "f1-score": 0.5183098591549296,
                "support": 206.0
            },
            "\", -": {
                "precision": 0.5142857142857142,
                "recall": 0.5625,
                "f1-score": 0.5373134328358209,
                "support": 32.0
            },
            "\".": {
                "precision": 0.60546875,
                "recall": 0.421195652173913,
                "f1-score": 0.4967948717948718,
                "support": 368.0
            },
            "\"?": {
                "precision": 0.0,
                "recall": 0.0,
                "f1-score": 0.0,
                "support": 10.0
            },
            ",": {
                "precision": 0.8882442994118122,
                "recall": 0.9061318428407036,
                "f1-score": 0.8970989136184238,
                "support": 12166.0
            },
            ", \"": {
                "precision": 0.6428571428571429,
                "recall": 0.14516129032258066,
                "f1-score": 0.23684210526315788,
                "support": 62.0
            },
            ", -": {
                "precision": 0.6134751773049646,
                "recall": 0.574750830564784,
                "f1-score": 0.5934819897084048,
                "support": 301.0
            },
            "-": {
                "precision": 0.6302521008403361,
                "recall": 0.4396984924623116,
                "f1-score": 0.5180069067587568,
                "support": 1194.0
            },
            "- \"": {
                "precision": 0.375,
                "recall": 0.12,
                "f1-score": 0.18181818181818182,
                "support": 25.0
            },
            ".": {
                "precision": 0.9003457643862682,
                "recall": 0.9508346374543558,
                "f1-score": 0.9249016871749334,
                "support": 7668.0
            },
            ". \"": {
                "precision": 0.5402298850574713,
                "recall": 0.3643410852713178,
                "f1-score": 0.4351851851851852,
                "support": 129.0
            },
            ". -": {
                "precision": 0.7046070460704607,
                "recall": 0.625,
                "f1-score": 0.6624203821656051,
                "support": 416.0
            },
            ":": {
                "precision": 0.5190677966101694,
                "recall": 0.5,
                "f1-score": 0.5093555093555093,
                "support": 490.0
            },
            ": \"": {
                "precision": 0.47878787878787876,
                "recall": 0.6422764227642277,
                "f1-score": 0.5486111111111112,
                "support": 123.0
            },
            ";": {
                "precision": 0.3684210526315789,
                "recall": 0.07368421052631578,
                "f1-score": 0.12280701754385964,
                "support": 95.0
            },
            "?": {
                "precision": 0.6082474226804123,
                "recall": 0.580327868852459,
                "f1-score": 0.5939597315436241,
                "support": 305.0
            },
            "? -": {
                "precision": 0.5151515151515151,
                "recall": 0.4755244755244755,
                "f1-score": 0.49454545454545457,
                "support": 143.0
            },
            "O": {
                "precision": 0.9767407968754555,
                "recall": 0.9859076198882024,
                "f1-score": 0.9813028009194864,
                "support": 101970.0
            },
            "accuracy": 0.9514401873771121,
            "macro avg": {
                "precision": 0.5175556868596635,
                "recall": 0.4036317525764133,
                "f1-score": 0.4311039393367348,
                "support": 127657.0
            },
            "weighted avg": {
                "precision": 0.9470482497155763,
                "recall": 0.9514401873771121,
                "f1-score": 0.9480869143309054,
                "support": 127657.0
            }
        },
        "LORuGEC_Test": {
            " \"": {
                "precision": 0.7,
                "recall": 0.3888888888888889,
                "f1-score": 0.5,
                "support": 18.0
            },
            "!": {
                "precision": 0.0,
                "recall": 0.0,
                "f1-score": 0.0,
                "support": 4.0
            },
            "\" ": {
                "precision": 0.0,
                "recall": 0.0,
                "f1-score": 0.0,
                "support": 0.0
            },
            "\"\"": {
                "precision": 0.0,
                "recall": 0.0,
                "f1-score": 0.0,
                "support": 1.0
            },
            "\",": {
                "precision": 0.5,
                "recall": 0.25,
                "f1-score": 0.3333333333333333,
                "support": 4.0
            },
            "\", -": {
                "precision": 1.0,
                "recall": 0.6666666666666666,
                "f1-score": 0.8,
                "support": 3.0
            },
            "\".": {
                "precision": 0.25,
                "recall": 0.3333333333333333,
                "f1-score": 0.2857142857142857,
                "support": 3.0
            },
            ",": {
                "precision": 0.8679245283018868,
                "recall": 0.9139072847682119,
                "f1-score": 0.8903225806451613,
                "support": 906.0
            },
            ", -": {
                "precision": 0.5,
                "recall": 0.5,
                "f1-score": 0.5,
                "support": 2.0
            },
            "-": {
                "precision": 0.9259259259259259,
                "recall": 0.32894736842105265,
                "f1-score": 0.4854368932038835,
                "support": 76.0
            },
            "- \"": {
                "precision": 0.0,
                "recall": 0.0,
                "f1-score": 0.0,
                "support": 0.0
            },
            ".": {
                "precision": 0.9636363636363636,
                "recall": 0.9847972972972973,
                "f1-score": 0.9741019214703425,
                "support": 592.0
            },
            ":": {
                "precision": 0.6666666666666666,
                "recall": 0.5454545454545454,
                "f1-score": 0.6,
                "support": 22.0
            },
            ";": {
                "precision": 0.2,
                "recall": 0.5,
                "f1-score": 0.2857142857142857,