{
    "baseline_injected_focal": {
        "timestamp": "2026-03-25 17:55:01.997685",
        "General_Test": {
            " \"": {
                "precision": 0.6919354838709677,
                "recall": 0.4031954887218045,
                "f1-score": 0.5095011876484561,
                "support": 1064.0
            },
            "!": {
                "precision": 0.38461538461538464,
                "recall": 0.07194244604316546,
                "f1-score": 0.12121212121212122,
                "support": 139.0
            },
            "! -": {
                "precision": 0.0,
                "recall": 0.0,
                "f1-score": 0.0,
                "support": 61.0
            },
            "\" ": {
                "precision": 0.6490765171503958,
                "recall": 0.35912408759124087,
                "f1-score": 0.462406015037594,
                "support": 685.0
            },
            "\"!": {
                "precision": 0.0,
                "recall": 0.0,
                "f1-score": 0.0,
                "support": 2.0
            },
            "\"\"": {
                "precision": 0.0,
                "recall": 0.0,
                "f1-score": 0.0,
                "support": 3.0
            },
            "\",": {
                "precision": 0.6287878787878788,
                "recall": 0.4029126213592233,
                "f1-score": 0.4911242603550296,
                "support": 206.0
            },
            "\", -": {
                "precision": 0.5625,
                "recall": 0.5625,
                "f1-score": 0.5625,
                "support": 32.0
            },
            "\".": {
                "precision": 0.5796460176991151,
                "recall": 0.35597826086956524,
                "f1-score": 0.44107744107744107,
                "support": 368.0
            },
            "\"?": {
                "precision": 0.0,
                "recall": 0.0,
                "f1-score": 0.0,
                "support": 10.0
            },
            ",": {
                "precision": 0.8730017761989343,
                "recall": 0.8887884267631103,
                "f1-score": 0.8808243727598566,
                "support": 12166.0
            },
            ", \"": {
                "precision": 0.5,
                "recall": 0.0967741935483871,
                "f1-score": 0.16216216216216217,
                "support": 62.0
            },
            ", -": {
                "precision": 0.6548223350253807,
                "recall": 0.42857142857142855,
                "f1-score": 0.5180722891566265,
                "support": 301.0
            },
            "-": {
                "precision": 0.654490106544901,
                "recall": 0.3601340033500838,
                "f1-score": 0.46461372231226367,
                "support": 1194.0
            },
            "- \"": {
                "precision": 0.5,
                "recall": 0.12,
                "f1-score": 0.1935483870967742,
                "support": 25.0
            },
            ".": {
                "precision": 0.8894020418084589,
                "recall": 0.9543557642149192,
                "f1-score": 0.9207347760442879,
                "support": 7668.0
            },
            ". \"": {
                "precision": 0.5507246376811594,
                "recall": 0.29457364341085274,
                "f1-score": 0.3838383838383838,
                "support": 129.0
            },
            ". -": {
                "precision": 0.7615658362989324,
                "recall": 0.5144230769230769,
                "f1-score": 0.6140602582496413,
                "support": 416.0
            },
            ":": {
                "precision": 0.5477386934673367,
                "recall": 0.4448979591836735,
                "f1-score": 0.49099099099099097,
                "support": 490.0
            },
            ": \"": {
                "precision": 0.5,
                "recall": 0.5691056910569106,
                "f1-score": 0.532319391634981,
                "support": 123.0
            },
            ";": {
                "precision": 0.3181818181818182,
                "recall": 0.07368421052631578,
                "f1-score": 0.11965811965811966,
                "support": 95.0
            },
            "?": {
                "precision": 0.6565217391304348,
                "recall": 0.49508196721311476,
                "f1-score": 0.5644859813084112,
                "support": 305.0
            },
            "? -": {
                "precision": 0.5,
                "recall": 0.08391608391608392,
                "f1-score": 0.1437125748502994,
                "support": 143.0
            },
            "O": {
                "precision": 0.9700362962390918,
                "recall": 0.9854663136216534,
                "f1-score": 0.9776904291649234,
                "support": 101970.0
            },
            "accuracy": 0.9463954189742827,
            "macro avg": {
                "precision": 0.5155436067791747,
                "recall": 0.3527260694535254,
                "f1-score": 0.3981055360232652,
                "support": 127657.0
            },
            "weighted avg": {
                "precision": 0.9399593432212496,
                "recall": 0.9463954189742827,
                "f1-score": 0.9413450390436124,
                "support": 127657.0
            }
        },
        "LORuGEC_Test": {
            " \"": {
                "precision": 0.875,
                "recall": 0.3888888888888889,
                "f1-score": 0.5384615384615384,
                "support": 18.0
            },
            "!": {
                "precision": 0.0,
                "recall": 0.0,
                "f1-score": 0.0,
                "support": 4.0
            },
            "\" ": {
                "precision": 0.0,
                "recall": 0.0,
                "f1-score": 0.0,
                "support": 0.0
            },
            "\"\"": {
                "precision": 0.0,
                "recall": 0.0,
                "f1-score": 0.0,
                "support": 1.0
            },
            "\",": {
                "precision": 1.0,
                "recall": 0.25,
                "f1-score": 0.4,
                "support": 4.0
            },
            "\", -": {
                "precision": 1.0,
                "recall": 0.6666666666666666,
                "f1-score": 0.8,
                "support": 3.0
            },
            "\".": {
                "precision": 0.3333333333333333,
                "recall": 0.3333333333333333,
                "f1-score": 0.3333333333333333,
                "support": 3.0
            },
            ",": {
                "precision": 0.8676627534685165,
                "recall": 0.8973509933774835,
                "f1-score": 0.8822571893651655,
                "support": 906.0
            },
            ", -": {
                "precision": 1.0,
                "recall": 0.5,
                "f1-score": 0.6666666666666666,
                "support": 2.0
            },
            "-": {
                "precision": 0.8928571428571429,
                "recall": 0.32894736842105265,
                "f1-score": 0.4807692307692308,
                "support": 76.0
            },
            ".": {
                "precision": 0.962171052631579,
                "recall": 0.9881756756756757,
                "f1-score": 0.975,
                "support": 592.0
            },
            ":": {
                "precision": 0.6,
                "recall": 0.2727272727272727,
                "f1-score": 0.375,
                "support": 22.0
            },
            ";": {
                "precision": 0.0,
                "recall": 0.0,
                "f1-score": 0.0,
                "support": 2.0
            },
            "?": {
                "precision": 0.6428571428571429,
                "recall": 0.6428571428571429,
                "f1-score": 0.6428571428571429,