{
    "YandexGPT_Pro_FewShot_v1": {
        "timestamp": "2026-03-16 14:30:04.766912",
        "General_Test": {
            " \"": {
                "precision": 0.7536656891495601,
                "recall": 0.24154135338345864,
                "f1-score": 0.36583629893238434,
                "support": 1064.0
            },
            "!": {
                "precision": 0.2682926829268293,
                "recall": 0.15827338129496402,
                "f1-score": 0.19909502262443438,
                "support": 139.0
            },
            "! -": {
                "precision": 0.4444444444444444,
                "recall": 0.26229508196721313,
                "f1-score": 0.32989690721649484,
                "support": 61.0
            },
            "\" ": {
                "precision": 0.7142857142857143,
                "recall": 0.21897810218978103,
                "f1-score": 0.33519553072625696,
                "support": 685.0
            },
            "\"!": {
                "precision": 0.0,
                "recall": 0.0,
                "f1-score": 0.0,
                "support": 2.0
            },
            "\"\"": {
                "precision": 0.0,
                "recall": 0.0,
                "f1-score": 0.0,
                "support": 3.0
            },
            "\",": {
                "precision": 0.6666666666666666,
                "recall": 0.24271844660194175,
                "f1-score": 0.35587188612099646,
                "support": 206.0
            },
            "\", -": {
                "precision": 0.06896551724137931,
                "recall": 0.125,
                "f1-score": 0.08888888888888889,
                "support": 32.0
            },
            "\".": {
                "precision": 0.4497354497354497,
                "recall": 0.23097826086956522,
                "f1-score": 0.3052064631956912,
                "support": 368.0
            },
            "\"?": {
                "precision": 0.5,
                "recall": 0.2,
                "f1-score": 0.2857142857142857,
                "support": 10.0
            },
            ",": {
                "precision": 0.7851956434045986,
                "recall": 0.6399802728916653,
                "f1-score": 0.7051897473054977,
                "support": 12166.0
            },
            ", \"": {
                "precision": 0.7272727272727273,
                "recall": 0.12903225806451613,
                "f1-score": 0.2191780821917808,
                "support": 62.0
            },
            ", -": {
                "precision": 0.651685393258427,
                "recall": 0.3853820598006645,
                "f1-score": 0.48434237995824636,
                "support": 301.0
            },
            "-": {
                "precision": 0.5364431486880467,
                "recall": 0.3082077051926298,
                "f1-score": 0.39148936170212767,
                "support": 1194.0
            },
            "- \"": {
                "precision": 0.0,
                "recall": 0.0,
                "f1-score": 0.0,
                "support": 25.0
            },
            ".": {
                "precision": 0.742739898989899,
                "recall": 0.6137193531559729,
                "f1-score": 0.672093687517852,
                "support": 7668.0
            },
            ". \"": {
                "precision": 0.1386861313868613,
                "recall": 0.14728682170542637,
                "f1-score": 0.14285714285714285,
                "support": 129.0
            },
            ". -": {
                "precision": 0.7169811320754716,
                "recall": 0.27403846153846156,
                "f1-score": 0.39652173913043476,
                "support": 416.0
            },
            ":": {
                "precision": 0.49502487562189057,
                "recall": 0.4061224489795918,
                "f1-score": 0.4461883408071749,
                "support": 490.0
            },
            ": \"": {
                "precision": 0.42063492063492064,
                "recall": 0.43089430894308944,
                "f1-score": 0.42570281124497994,
                "support": 123.0
            },
            ";": {
                "precision": 0.26666666666666666,
                "recall": 0.12631578947368421,
                "f1-score": 0.17142857142857143,
                "support": 95.0
            },
            "?": {
                "precision": 0.5229357798165137,
                "recall": 0.3737704918032787,
                "f1-score": 0.4359464627151052,
                "support": 305.0
            },
            "? -": {
                "precision": 0.6521739130434783,
                "recall": 0.2097902097902098,
                "f1-score": 0.31746031746031744,
                "support": 143.0
            },
            "O": {
                "precision": 0.9111129561976457,
                "recall": 0.9685299597920957,
                "f1-score": 0.9389445062415029,
                "support": 101970.0
            },
            "accuracy": 0.8841818310002585,
            "macro avg": {
                "precision": 0.4764003896461329,
                "recall": 0.27886894864325873,
                "f1-score": 0.33387701808250697,
                "support": 127657.0
            },
            "weighted avg": {
                "precision": 0.874140442415835,
                "recall": 0.8841818310002585,
                "f1-score": 0.8743033595594327,
                "support": 127657.0
            }
        },
        "LORuGEC_Test": {
            " \"": {
                "precision": 0.8571428571428571,
                "recall": 0.3333333333333333,
                "f1-score": 0.48,
                "support": 18.0
            },
            "!": {
                "precision": 0.0,
                "recall": 0.0,
                "f1-score": 0.0,
                "support": 4.0
            },
            "\" ": {
                "precision": 0.0,
                "recall": 0.0,
                "f1-score": 0.0,
                "support": 0.0
            },
            "\"\"": {
                "precision": 0.0,
                "recall": 0.0,
                "f1-score": 0.0,
                "support": 1.0
            },
            "\",": {
                "precision": 1.0,
                "recall": 0.25,
                "f1-score": 0.4,
                "support": 4.0
            },
            "\", -": {
                "precision": 0.0,
                "recall": 0.0,
                "f1-score": 0.0,
                "support": 3.0
            },
            "\".": {
                "precision": 0.6666666666666666,
                "recall": 0.6666666666666666,
                "f1-score": 0.6666666666666666,
                "support": 3.0
            },
            ",": {
                "precision": 0.8697068403908795,
                "recall": 0.8841059602649006,
                "f1-score": 0.8768472906403941,
                "support": 906.0
            },
            ", -": {
                "precision": 0.2857142857142857,
                "recall": 1.0,
                "f1-score": 0.4444444444444444,
                "support": 2.0
            },
            "-": {
                "precision": 0.8125,
                "recall": 0.5131578947368421,
                "f1-score": 0.6290322580645161,
                "support": 76.0
            },
            ".": {
                "precision": 0.9064516129032258,
                "recall": 0.9493243243243243,
                "f1-score": 0.9273927392739274,
                "support": 592.0
            },
            ":": {
                "precision": 0.5769230769230769,
                "recall": 0.6818181818181818,
                "f1-score": 0.625,
                "support": 22.0
            },
            ": \"": {
                "precision": 0.0,
                "recall": 0.0,
                "f1-score": 0.0,
                "support": 0.0
            },