{
    "YandexGPT_Pro_FewShot_v2": {
        "timestamp": "2026-04-30 10:48:03.524096",
        "General_Test": {
            "!": {
                "precision": 0.4125,
                "recall": 0.23741007194244604,
                "f1-score": 0.3013698630136986,
                "support": 139.0
            },
            "! -": {
                "precision": 0.48,
                "recall": 0.19672131147540983,
                "f1-score": 0.27906976744186046,
                "support": 61.0
            },
            "!\"": {
                "precision": 0.08333333333333333,
                "recall": 0.13333333333333333,
                "f1-score": 0.10256410256410256,
                "support": 15.0
            },
            "!\" -": {
                "precision": 0.0,
                "recall": 0.0,
                "f1-score": 0.0,
                "support": 7.0
            },
            "\"": {
                "precision": 0.9085603112840467,
                "recall": 0.2670097198399085,
                "f1-score": 0.412726469288555,
                "support": 1749.0
            },
            "\" -": {
                "precision": 0.625,
                "recall": 0.125,
                "f1-score": 0.20833333333333334,
                "support": 40.0
            },
            "\"!": {
                "precision": 0.0,
                "recall": 0.0,
                "f1-score": 0.0,
                "support": 2.0
            },
            "\"\"": {
                "precision": 0.0,
                "recall": 0.0,
                "f1-score": 0.0,
                "support": 3.0
            },
            "\",": {
                "precision": 0.8028169014084507,
                "recall": 0.2766990291262136,
                "f1-score": 0.41155234657039713,
                "support": 206.0
            },
            "\", -": {
                "precision": 0.1267605633802817,
                "recall": 0.28125,
                "f1-score": 0.17475728155339806,
                "support": 32.0
            },
            "\".": {
                "precision": 0.48743718592964824,
                "recall": 0.26358695652173914,
                "f1-score": 0.3421516754850088,
                "support": 368.0
            },
            "\"?": {
                "precision": 0.5,
                "recall": 0.2,
                "f1-score": 0.2857142857142857,
                "support": 10.0
            },
            ",": {
                "precision": 0.8899111019226793,
                "recall": 0.707627815222752,
                "f1-score": 0.7883699633699633,
                "support": 12166.0
            },
            ", \"": {
                "precision": 0.6666666666666666,
                "recall": 0.0967741935483871,
                "f1-score": 0.16901408450704225,
                "support": 62.0
            },
            ", -": {
                "precision": 0.6832298136645962,
                "recall": 0.3654485049833887,
                "f1-score": 0.47619047619047616,
                "support": 301.0
            },
            "-": {
                "precision": 0.6641452344931922,
                "recall": 0.3676716917922948,
                "f1-score": 0.4733153638814016,
                "support": 1194.0
            },
            "- \"": {
                "precision": 0.0,
                "recall": 0.0,
                "f1-score": 0.0,
                "support": 25.0
            },
            ".": {
                "precision": 0.9088444595052525,
                "recall": 0.6995305164319249,
                "f1-score": 0.7905674281503317,
                "support": 7668.0
            },
            ". \"": {
                "precision": 0.1744186046511628,
                "recall": 0.23255813953488372,
                "f1-score": 0.19933554817275748,
                "support": 129.0
            },
            ". -": {
                "precision": 0.8602150537634409,
                "recall": 0.19230769230769232,
                "f1-score": 0.3143418467583497,
                "support": 416.0
            },
            ":": {
                "precision": 0.5756756756756757,
                "recall": 0.4346938775510204,
                "f1-score": 0.49534883720930234,
                "support": 490.0
            },
            ": \"": {
                "precision": 0.45384615384615384,
                "recall": 0.4796747967479675,
                "f1-score": 0.466403162055336,
                "support": 123.0
            },
            ";": {
                "precision": 0.38461538461538464,
                "recall": 0.15789473684210525,
                "f1-score": 0.22388059701492538,
                "support": 95.0
            },
            "?": {
                "precision": 0.6521739130434783,
                "recall": 0.4426229508196721,
                "f1-score": 0.52734375,
                "support": 305.0
            },
            "? -": {
                "precision": 0.8181818181818182,
                "recall": 0.1258741258741259,
                "f1-score": 0.21818181818181817,
                "support": 143.0
            },
            "?\"": {
                "precision": 0.25,
                "recall": 0.4666666666666667,
                "f1-score": 0.32558139534883723,
                "support": 15.0
            },
            "?\" -": {
                "precision": 0.058823529411764705,
                "recall": 0.25,
                "f1-score": 0.09523809523809523,
                "support": 8.0
            },
            "O": {
                "precision": 0.9266415633675068,
                "recall": 0.9927074642979831,
                "f1-score": 0.9585374868504601,
                "support": 101885.0
            },
            "accuracy": 0.9158369693788825,
            "macro avg": {
                "precision": 0.4783499024337333,
                "recall": 0.2854665569592827,
                "f1-score": 0.32285317778191913,
                "support": 127657.0
            },
            "weighted avg": {
                "precision": 0.9116398402328525,
                "recall": 0.9158369693788825,
                "f1-score": 0.9064777551076781,
                "support": 127657.0
            }
        },
        "GERA_Test": {
            "!": {
                "precision": 0.0,
                "recall": 0.0,
                "f1-score": 0.0,
                "support": 2.0
            },
            "!\"": {
                "precision": 0.0,
                "recall": 0.0,
                "f1-score": 0.0,
                "support": 3.0
            },
            "\"": {
                "precision": 0.933920704845815,
                "recall": 0.572972972972973,
                "f1-score": 0.7102177554438861,
                "support": 370.0
            },
            "\" -": {
                "precision": 0.75,
                "recall": 0.2727272727272727,
                "f1-score": 0.4,
                "support": 11.0
            },
            "\",": {
                "precision": 0.8333333333333334,
                "recall": 0.35714285714285715,
                "f1-score": 0.5,
                "support": 56.0
            },
            "\", -": {
                "precision": 0.0,
                "recall": 0.0,
                "f1-score": 0.0,
                "support": 4.0
            },
            "\".": {
                "precision": 0.8653846153846154,
                "recall": 0.5921052631578947,
                "f1-score": 0.703125,
                "support": 76.0
            },
            "\"?": {
                "precision": 1.0,
                "recall": 0.5714285714285714,
                "f1-score": 0.7272727272727273,
                "support": 7.0
            },
            ",": {
                "precision": 0.9123831775700935,
                "recall": 0.888509670079636,
                "f1-score": 0.9002881844380404,
                "support": 1758.0
            },